<?xml version="1.0" encoding="UTF-8"?>
<project-private xmlns="http://www.netbeans.org/ns/project-private/1">
    <editor-bookmarks xmlns="http://www.netbeans.org/ns/editor-bookmarks/2" lastBookmarkId="0"/>
    <open-files xmlns="http://www.netbeans.org/ns/projectui-open-files/2">
        <group>
            <file>file:/Applications/MAMP/htdocs/PhpProject3/Total_patients_on_this_day.php</file>
            <file>file:/Applications/MAMP/htdocs/PhpProject3/welcome.php</file>
            <file>file:/Applications/MAMP/htdocs/PhpProject3/Insert_3rdFunc_proc.php</file>
            <file>file:/Applications/MAMP/htdocs/PhpProject3/Proc_Func_Process.php</file>
            <file>file:/Applications/MAMP/htdocs/PhpProject3/bloodgroup.php</file>
            <file>file:/Applications/MAMP/htdocs/PhpProject3/Staff_Insert.php</file>
            <file>file:/Applications/MAMP/htdocs/PhpProject3/Top3Doc_Apps.php</file>
            <file>file:/Applications/MAMP/htdocs/PhpProject3/3rdFunc_Prcod.php</file>
            <file>file:/Applications/MAMP/htdocs/PhpProject3/Room_process.php</file>
            <file>file:/Applications/MAMP/htdocs/PhpProject3/identify_hod.php</file>
            <file>file:/Applications/MAMP/htdocs/PhpProject3/procedure1_appointments.php</file>
            <file>file:/Applications/MAMP/htdocs/PhpProject3/PrintBill.php</file>
            <file>file:/Applications/MAMP/htdocs/PhpProject3/Procedure_Func.php</file>
            <file>file:/Applications/MAMP/htdocs/PhpProject3/insertidentify_hod.php</file>
            <file>file:/Applications/MAMP/htdocs/PhpProject3/ShowMaxdoc_App.php</file>
        </group>
    </open-files>
</project-private>
